{
  "id": "cult-of-the-marsh-dragon-sd",
  "title": "Cult of the Marsh Dragon sd",
  "description": "Cult of the Marsh Dragon Adventure for Shadowdark RPG",
  "version": "1.0.0",
  "compatibility": {
    "minimum": "10",
    "verified": "12"
  },
  "authors": [
    {
      "name": "mccaffertyt"
    }
  ],
  "packs": [
    {
      "name": "adventure",
      "label": "cult-of-the-marsh-dragon-sd",
      "path": "/packs/shadowdark-cult-of-the-marsh-dragon.db",
      "entity": "Adventure",
      "type": "Adventure",
      "system": "shadowdark"
    }
  ],
  "url": "https://github.com/mccaffertyt/cult-of-the-marsh-dragon-sd",
  "manifest": "https://raw.githubusercontent.com/mccaffertyt/cult-of-the-marsh-dragon-sd/main/module.json",
  "download": "https://github.com/mccaffertyt/cult-of-the-marsh-dragon-sd/raw/main/cult-of-the-marsh-dragon-sd.zip",
  "manifestPlusVersion": "1.2.0"
}