{
  "id": "the-island-of-adventure-pf2e",
  "title": "The Island of Adventure PF2e",
  "description": "The Island of Adventure for PF2e",
  "version": "1.0.0",
  "compatibility": {
    "minimum": "10",
    "verified": "12"
  },
  "authors": [
    {
      "name": "mccaffertyt"
    }
  ],
  "packs": [
    {
      "name": "adventure",
      "label": "the-island-of-adventure-pf2e",
      "path": "/packs/the-island-of-adventure-pf2e.db",
      "entity": "Adventure",
      "type": "Adventure",
      "system": "pf2e"
    }
  ],
  "url": "https://github.com/mccaffertyt/the-island-of-adventure-pf2e",
  "manifest": "https://raw.githubusercontent.com/mccaffertyt/the-island-of-adventure-pf2e/main/module.json",
  "download": "https://github.com/mccaffertyt/the-island-of-adventure-pf2e/raw/main/the-island-of-adventure-pf2e.zip",
  "manifestPlusVersion": "1.2.0"
}