{
  "id": "shadowdark-under-hilltop",
  "title": "Shadowdark Under Hilltop",
  "description": "Under Hilltop Adventure for Shadowdark RPG",
  "version": "1.0.0",
  "compatibility": {
    "minimum": "10",
    "verified": "12"
  },
  "authors": [
    {
      "name": "mccaffertyt"
    }
  ],
  "packs": [
    {
      "name": "adventure",
      "label": "shadowdark-under-hilltop",
      "path": "/packs/shadowdark-under-hilltop.db",
      "entity": "Adventure",
      "type": "Adventure",
      "system": "shadowdark"
    }
  ],
  "url": "https://github.com/mccaffertyt/shadowdark-under-hilltop",
  "manifest": "https://raw.githubusercontent.com/mccaffertyt/shadowdark-under-hilltop/main/module.json",
  "download": "https://github.com/mccaffertyt/shadowdark-under-hilltop/raw/main/shadowdark-under-hilltop.zip",
  "manifestPlusVersion": "1.2.0"
}